sentiment,total,correct,errors,accuracy,error_rate
neutral,233,158,75,0.6781115879828327,0.32188841201716734
negative,1223,1142,81,0.9337694194603434,0.06623058053965658
positive,740,710,30,0.9594594594594594,0.04054054054054057
