sentiment,total,correct,errors,accuracy,error_rate
neutral,213,178,35,0.8356807511737089,0.16431924882629112
positive,722,670,52,0.9279778393351801,0.07202216066481992
negative,699,656,43,0.9384835479256081,0.061516452074391936
