sentiment,total,correct,errors,accuracy,error_rate
neutral,205,187,18,0.9121951219512195,0.08780487804878045
negative,635,594,41,0.9354330708661417,0.06456692913385831
positive,717,686,31,0.9567642956764296,0.04323570432357038
