sentiment,total,correct,errors,accuracy,error_rate
neutral,231,202,29,0.8744588744588745,0.1255411255411255
negative,851,821,30,0.9647473560517039,0.03525264394829608
positive,1421,1388,33,0.9767769176636172,0.023223082336382816
