sentiment,total,correct,errors,accuracy,error_rate
neutral,231,186,45,0.8051948051948052,0.19480519480519476
negative,871,839,32,0.9632606199770379,0.036739380022962065
positive,1461,1422,39,0.973305954825462,0.026694045174537995
