epoch,train_loss,val_accuracy,val_f1,val_precision,val_recall
1,0.22641383650195548,0.7962147067949115,0.5401655731784131,0.4161913835198352,0.8009182369942285
