epoch,train_loss,val_accuracy,val_f1,val_precision,val_recall,val_loss
1,0.22420422441681173,0.8114592327618108,0.5629466680739441,0.4369548915208849,0.8144663071670593,0.16823855835072538
