epoch,train_loss,val_accuracy,val_f1,val_precision,val_recall
1,0.22338355246214717,0.8143965249767295,0.5594169258647793,0.4357568615541154,0.8054894975840109
