epoch,train_loss,val_accuracy,val_f1,val_precision,val_recall
1,0.29722196760075087,0.9180858553611009,0.864562619293842,0.8509058672006311,0.8871157851234989
2,0.06498562229923055,0.9351059976423273,0.8959113491608489,0.8894232047309096,0.9062873673706621
3,0.032588616659377484,0.9437846211891155,0.9098777839131091,0.9204820090455132,0.9041250016240099
4,0.024130327781122975,0.9419954599857991,0.9118731392540346,0.926469679257211,0.9017240646162998
5,0.01998516122721532,0.9416091095690635,0.9132445846802199,0.9219868025685299,0.9082166737978123
6,0.016351805637487463,0.9466518651950062,0.9157759410406048,0.9280372478442309,0.9070942598060026
7,0.013855055886235486,0.9461214129254504,0.9159139075638529,0.9276334500259453,0.9077111431806374
8,0.013725560947493533,0.9459743447271786,0.9145472202209703,0.9299119902978387,0.9041947996484779
