{
  "Battery": 0.44999999999999984,
  "Camera": 0.32999999999999985,
  "Performance": 0.5699999999999997,
  "Display": 0.7999999999999996,
  "Design": 0.6499999999999997,
  "Packaging": 0.7999999999999996,
  "Price": 0.34999999999999987,
  "Shop_Service": 0.13999999999999999,
  "Shipping": 0.6499999999999997,
  "General": 0.47999999999999976,
  "Others": 0.16999999999999998
}