{
  "Battery": {
    "f1": 0.9651162790697675,
    "precision": 0.9467680608365019,
    "recall": 0.9841897233201581,
    "threshold": 0.44999999999999984
  },
  "Camera": {
    "f1": 0.9808917197452229,
    "precision": 0.9625,
    "recall": 1.0,
    "threshold": 0.32999999999999985
  },
  "Performance": {
    "f1": 0.8512396694214877,
    "precision": 0.8373983739837398,
    "recall": 0.865546218487395,
    "threshold": 0.5699999999999997
  },
  "Display": {
    "f1": 0.9039145907473309,
    "precision": 0.9136690647482014,
    "recall": 0.8943661971830986,
    "threshold": 0.7999999999999996
  },
  "Design": {
    "f1": 0.8352059925093633,
    "precision": 0.8138686131386861,
    "recall": 0.8576923076923076,
    "threshold": 0.6499999999999997
  },
  "Packaging": {
    "f1": 0.8980477223427332,
    "precision": 0.915929203539823,
    "recall": 0.8808510638297873,
    "threshold": 0.7999999999999996
  },
  "Price": {
    "f1": 0.9430604982206405,
    "precision": 0.9075342465753424,
    "recall": 0.9814814814814815,
    "threshold": 0.34999999999999987
  },
  "Shop_Service": {
    "f1": 0.9181636726546906,
    "precision": 0.8778625954198473,
    "recall": 0.9623430962343096,
    "threshold": 0.13999999999999999
  },
  "Shipping": {
    "f1": 0.9556313993174061,
    "precision": 0.9427609427609428,
    "recall": 0.9688581314878892,
    "threshold": 0.6499999999999997
  },
  "General": {
    "f1": 0.768837803320562,
    "precision": 0.7777777777777778,
    "recall": 0.76010101010101,
    "threshold": 0.47999999999999976
  },
  "Others": {
    "f1": 0.9032258064516129,
    "precision": 0.9333333333333333,
    "recall": 0.875,
    "threshold": 0.16999999999999998
  }
}