epoch,train_loss,val_accuracy,val_f1,val_precision,val_recall
1,0.21317696344990497,0.849950458261085,0.6137528834785205,0.49485951665827127,0.8242407218784721
