epoch,train_loss,val_accuracy,val_f1,val_precision,val_recall
1,0.2965736970833539,0.930498835578695,0.8976192953430191,0.923432866649206,0.8811621790756732
2,0.11871781564960204,0.946612693429239,0.9251338282712336,0.9410573820519245,0.9147092637442352
3,0.10399233500383206,0.9498179014011946,0.926343316455317,0.9425510866967007,0.9149396299743542
4,0.0777729358244478,0.955070126551169,0.9279058702204566,0.9353162428837363,0.9256957155878949
5,0.06328459048949922,0.9575277172284089,0.9340711395145231,0.950927045512541,0.9208357225316736
6,0.05581505266036402,0.9576952826643064,0.9328047784540097,0.9489692228570561,0.9204795996735537
7,0.046036834052809,0.9582138935953062,0.9331792360154646,0.9496281863925331,0.9205983433022359
8,0.04588739773075794,0.9582890561919436,0.9317987401980302,0.9466077501615799,0.9206802049652234
