epoch,train_loss,val_loss,val_accuracy,val_f1,val_precision,val_recall
1,0.24401238507592957,0.08903657016344368,0.9358549302617181,0.9151493057349945,0.9099375630593748,0.9239764901475406
2,0.06704872615309963,0.0794953452463465,0.9487242652212975,0.9332920732197921,0.9358949578889831,0.9328286056977811
3,0.03667218109046665,0.08889328070079577,0.9524877691656126,0.9366677173318936,0.940971763000028,0.9338426565514155
4,0.02615756214868371,0.09216492158486503,0.9547144187377834,0.9422496172546222,0.950379517210151,0.935648937872857
5,0.0218277909614352,0.09579800164889538,0.9551510999604907,0.9416795798731478,0.9483839933191659,0.9361147066719591
6,0.021220144397030963,0.09646509600076299,0.9539737861472947,0.9381810879791475,0.941979467363781,0.9353516412349807
