epoch,train_loss,val_accuracy,val_f1,val_precision,val_recall
1,0.3130568851148875,0.9330623600431324,0.9065578182091638,0.9230998085553965,0.8965963156643678
2,0.14036713390500574,0.9283076541483009,0.9090692513585564,0.9323891311872805,0.8944514101182947
3,0.11296286674980792,0.941949558954909,0.923628625247711,0.9275239438464075,0.9226757289651429
4,0.09719817112052855,0.9493695502432902,0.9291423685366444,0.941422336028306,0.9205886689420304
5,0.07883293027132408,0.9507260832414041,0.9305451595408855,0.9404502752935777,0.9241800668540533
6,0.07419348696246143,0.9551183714559197,0.9326005793028604,0.9373631609030518,0.9310768975125988
7,0.06064015587860371,0.9537950920215483,0.9295203431470254,0.9329696584468591,0.9291441894954205
8,0.059897956304377775,0.954087489682367,0.9307358250454343,0.9351720088753994,0.92929299901923
