epoch,train_loss,val_accuracy,val_f1,val_precision,val_recall
1,0.33746425227845267,0.9381560658784245,0.9123268749710546,0.9469643537188345,0.8894365420609713
2,0.1416584592424384,0.945880972034215,0.9183700626773496,0.9294716277618151,0.9125227494380586
3,0.11500463554350403,0.9466471450857983,0.925416097975506,0.9394517069959974,0.9167356652068961
4,0.08999299940461648,0.9523570208359036,0.9231254141062,0.9260238615011123,0.9252139937977102
5,0.07912204939701185,0.9523353931352807,0.9253610511630523,0.9357509935200596,0.9192995663281351
6,0.07152052618901528,0.9507831460564848,0.92495901346432,0.9355508135603013,0.9185564132055717
7,0.0666341853391684,0.9500827428543921,0.9210479383648693,0.9265267221031784,0.9200879488022216
8,0.06394320114338965,0.9510542061209373,0.9230398987816724,0.9311140225245464,0.9202132018386587
