sentiment,total,correct,errors,accuracy,error_rate
neutral,224,195,29,0.8705357142857143,0.1294642857142857
negative,848,806,42,0.9504716981132075,0.04952830188679247
positive,1432,1401,31,0.9783519553072626,0.0216480446927374
