sentiment,total,correct,errors,accuracy,error_rate
neutral,199,171,28,0.8592964824120602,0.14070351758793975
negative,634,611,23,0.9637223974763407,0.0362776025236593
positive,714,690,24,0.9663865546218487,0.03361344537815125
