sentiment,total,correct,errors,accuracy,error_rate
neutral,199,181,18,0.9095477386934674,0.09045226130653261
negative,624,599,25,0.9599358974358975,0.04006410256410253
positive,716,694,22,0.9692737430167597,0.030726256983240274
