sentiment,total,correct,errors,accuracy,error_rate
positive,762,650,112,0.8530183727034121,0.14698162729658792
negative,654,558,96,0.8532110091743119,0.14678899082568808
neutral,201,185,16,0.9203980099502488,0.07960199004975121
