sentiment,total,correct,errors,accuracy,error_rate
neutral,243,208,35,0.8559670781893004,0.1440329218106996
negative,880,844,36,0.9590909090909091,0.040909090909090895
positive,1405,1357,48,0.9658362989323843,0.03416370106761568
