sentiment,total,correct,errors,accuracy,error_rate
neutral,210,176,34,0.8380952380952381,0.16190476190476188
negative,612,582,30,0.9509803921568627,0.0490196078431373
positive,716,692,24,0.9664804469273743,0.03351955307262566
