sentiment,total,correct,errors,accuracy,error_rate
neutral,229,183,46,0.7991266375545851,0.20087336244541487
positive,726,677,49,0.9325068870523416,0.06749311294765836
negative,1213,1154,59,0.9513602638087386,0.048639736191261385
