sentiment,total,correct,errors,accuracy,error_rate
neutral,228,189,39,0.8289473684210527,0.17105263157894735
positive,700,645,55,0.9214285714285714,0.07857142857142863
negative,635,594,41,0.9354330708661417,0.06456692913385831
