sentiment,total,correct,errors,accuracy,error_rate
neutral,209,176,33,0.8421052631578947,0.1578947368421053
negative,636,577,59,0.9072327044025157,0.09276729559748431
positive,710,649,61,0.9140845070422535,0.08591549295774648
